boardId,timestamp
o9J_l0_9Oa8=,2021-09-01T16:08:38.225391
o9J_l2KryjI=,2021-09-13T21:16:16.841710
o9J_l350Img=,2021-08-30T21:35:27.007326
o9J_l3LlFIA=,2021-09-06T06:17:10.732652
o9J_lwMyp0I=,2021-09-17T17:09:10.708716
o9J_lwT45UE=,2021-09-20T19:15:29.313973
o9J_lwTEkh4=,2021-09-21T04:08:02.590026
o9J_lwTEnZk=,2021-09-21T03:14:14.089902
o9J_lwTHmNo=,2021-09-20T20:59:00.832071
o9J_lwTHmtQ=,2021-09-20T20:13:43.982192
o9J_lwhnitY=,2021-09-14T23:30:53.659493
o9J_lwtLWiA=,2021-09-15T23:15:00.058395
o9J_lxP9EsE=,2021-09-13T21:50:02.553168
o9J_ly0SnkM=,2021-09-06T22:14:44.523277
o9J_ly0Snnk=,2021-09-10T22:07:32.894002
o9J_lyGIfks=,2021-09-08T23:30:13.216431
o9J_lyGIfzA=,2021-09-09T00:41:29.385842
o9J_lyYiAJ0=,2021-09-09T18:23:43.542587
o9J_lzKK_yc=,2021-09-01T16:13:34.247538
o9J_lzYgHyw=,2021-09-09T21:14:49.257118
