o9J_l3LlFIA=,o9J_lth3zkI=,o9J_lthisSs=,o9J_lthxoK8=,o9J_lthxoSw=,o9J_luPdtDQ=,o9J_lwT0kWk=,o9J_lwT45Gc=,o9J_lwTEnSI=,o9J_lwhnitY=,o9J_lwi6_1c=,o9J_lwj9wsM=,o9J_lwt44k0=,o9J_lwtLWq0=,o9J_lwtLZY8=,o9J_lx2--OQ=,o9J_lxPFjOs=,o9J_lxTWUZI=,o9J_ly0SnuI=,o9J_lyGIeLY=,o9J_lyYiALM=,o9J_lzKK_yc=,o9J_lzYurAk=
2021-09-06T05:32:37.811671,2021-09-29T21:18:45.969152,2021-09-29T01:51:59.458002,2021-09-30T00:30:10.308079,2021-09-30T01:21:10.844242,2021-09-27T20:48:39.076136,2021-09-17T19:54:25.164725,2021-09-19T18:57:56.388663,2021-09-20T22:12:49.301259,2021-09-14T22:22:28.479815,2021-09-14T21:10:37.663938,2021-09-14T19:51:08.671656,2021-09-15T17:10:05.041323,2021-09-16T16:10:37.446423,2021-09-15T19:46:40.357202,2021-09-13T19:21:07.409868,2021-09-13T22:35:24.822507,2021-09-14T18:35:59.152866,2021-09-06T21:31:53.929005,2021-09-07T19:38:13.633187,2021-09-13T16:45:39.070851,2021-09-01T16:15:02.298860,2021-09-03T19:02:11.951766
2021-09-06T05:32:53.289714,2021-09-29T21:19:24.902341,2021-09-29T01:51:59.786104,,2021-09-30T01:22:56.818459,2021-09-27T20:59:20.722169,2021-09-17T20:24:03.868339,2021-09-19T18:58:05.109626,2021-09-20T22:12:57.055382,2021-09-14T22:22:51.576317,2021-09-14T21:14:37.140873,2021-09-14T19:59:51.049156,2021-09-15T17:11:52.661861,2021-09-16T16:10:49.977227,2021-09-15T19:54:09.495736,2021-09-13T19:21:19.728851,2021-09-13T22:35:45.090042,2021-09-14T18:55:31.076087,2021-09-06T21:32:19.249166,2021-09-07T19:45:24.133647,2021-09-13T16:46:28.735344,2021-09-01T16:18:48.059334,2021-09-03T19:03:04.606178
2021-09-06T05:45:20.063838,2021-09-29T21:19:35.624034,2021-09-29T01:51:52.174880,,2021-09-30T01:23:16.372376,,2021-09-17T20:24:09.883425,2021-09-19T18:58:13.697926,2021-09-20T22:13:10.726345,,2021-09-14T21:26:43.434214,2021-09-14T20:08:31.733553,2021-09-15T17:27:17.324729,2021-09-16T16:11:01.348810,2021-09-15T19:47:23.174137,2021-09-13T19:27:02.696450,2021-09-13T22:36:29.374655,2021-09-14T18:37:48.505887,2021-09-06T21:32:30.409512,2021-10-01T04:12:32.614285,2021-09-13T17:04:35.732466,2021-09-01T16:14:49.810638,2021-09-03T19:32:29.347889
2021-09-06T05:45:47.781514,2021-09-29T21:21:24.652713,,,2021-09-30T01:33:43.428568,,2021-09-17T19:46:03.675895,2021-09-19T19:04:05.851793,2021-09-20T22:13:14.957240,,2021-09-14T21:36:10.566694,2021-09-14T20:09:20.740790,2021-09-15T17:12:05.443086,2021-09-16T16:18:12.880288,2021-09-15T19:47:30.035405,2021-09-13T19:20:57.434521,2021-09-13T22:37:34.105670,2021-09-14T18:42:10.650677,2021-09-06T21:14:50.437901,2021-10-01T04:12:47.647622,2021-09-13T16:27:28.073845,2021-09-01T16:18:06.839022,2021-09-03T19:32:36.149804
2021-09-06T05:46:06.487105,2021-09-29T21:38:24.087582,,,2021-09-30T01:34:01.021337,,2021-09-17T19:47:02.390048,2021-09-19T19:17:39.367505,2021-09-20T22:46:23.228461,,2021-09-14T20:57:58.304965,2021-09-14T20:10:03.573273,2021-09-15T17:27:14.038253,2021-09-16T16:18:33.527968,2021-09-15T19:48:23.495304,2021-09-13T19:32:56.911230,2021-09-13T22:39:31.234650,2021-09-14T18:48:03.328277,2021-09-06T21:23:42.289638,2021-10-01T04:27:06.100831,2021-09-13T17:04:22.297555,2021-09-01T16:14:44.474984,2021-09-03T19:32:52.167853
2021-09-06T05:46:23.973338,2021-09-29T21:43:31.046884,,,2021-09-30T02:13:05.526204,,2021-09-17T19:54:05.186198,2021-09-19T19:19:59.844428,2021-09-20T22:19:26.994694,,2021-09-14T20:58:49.335275,2021-09-14T20:13:59.354200,2021-09-15T17:12:28.174788,2021-09-16T16:18:58.067952,2021-09-15T19:48:31.483914,2021-09-13T19:28:44.886968,2021-09-13T22:44:52.890950,2021-09-14T18:50:01.322500,2021-09-06T21:31:44.780422,2021-09-07T20:12:27.818038,2021-09-13T16:27:35.530981,2021-09-01T16:19:32.882949,2021-09-03T19:01:49.283553
2021-09-06T05:53:51.586293,2021-09-29T21:46:09.094553,,,2021-09-30T02:13:28.903336,,2021-09-17T19:55:12.979441,2021-09-19T19:21:03.811360,2021-09-20T22:24:15.166825,,2021-09-14T21:55:26.131068,2021-09-14T20:14:07.266013,2021-09-15T16:39:29.015205,2021-09-16T16:19:32.308172,2021-09-15T19:48:45.055618,2021-09-13T19:39:10.048837,2021-09-13T22:48:37.139085,2021-09-14T18:50:06.737993,2021-09-06T21:38:53.647301,2021-09-07T20:07:28.554210,2021-09-13T17:04:25.127694,2021-09-01T16:30:42.972385,2021-09-03T19:03:00.427436
2021-09-06T06:02:28.262458,2021-09-29T21:39:24.608333,,,2021-09-30T02:13:50.098427,,2021-09-17T19:57:33.060033,2021-09-19T19:22:08.483866,2021-09-20T22:24:06.285650,,2021-09-14T20:59:08.598759,2021-10-02T00:09:58.859656,2021-09-15T16:39:41.710097,2021-09-16T16:32:17.047888,2021-09-15T19:53:55.809806,2021-09-13T19:44:11.022092,2021-09-13T23:02:44.760798,2021-09-14T18:50:09.671055,2021-09-06T21:38:50.184688,,2021-09-13T16:41:39.184054,,2021-09-03T19:03:02.449269
2021-09-06T05:32:43.720458,2021-09-29T21:40:43.931261,,,2021-09-30T02:13:56.932531,,2021-09-17T19:57:48.647839,2021-09-19T19:22:17.638948,2021-09-20T22:24:01.808845,,2021-09-14T21:09:24.763374,2021-10-02T01:03:51.821911,2021-09-15T17:12:42.337540,2021-09-16T16:40:55.198703,2021-09-15T19:45:04.301953,2021-09-13T19:52:23.747363,2021-09-13T23:04:25.923918,2021-09-14T18:50:26.101884,2021-09-06T21:47:43.154629,,2021-09-13T16:45:34.885195,,2021-09-03T18:47:25.484276
2021-09-06T05:32:46.419752,2021-09-29T21:39:14.611578,,,2021-09-30T02:14:01.982136,,2021-09-17T20:09:24.124806,2021-09-19T19:22:32.522434,2021-09-20T22:41:33.119510,,2021-09-14T21:55:30.755231,2021-10-02T01:05:19.275479,2021-09-15T17:13:03.945104,2021-09-16T16:43:07.304958,2021-09-15T19:47:15.179091,,2021-09-13T23:05:38.083760,2021-09-14T18:50:28.609589,2021-09-06T21:47:53.319768,,2021-09-13T16:32:49.709853,,2021-09-03T18:57:35.667795
2021-09-06T06:02:37.258813,2021-09-29T21:47:20.718957,,,2021-09-30T02:14:09.666602,,2021-09-17T20:19:11.004483,2021-09-19T19:30:35.534163,2021-09-20T22:24:20.180340,,2021-09-14T21:15:00.570283,2021-10-02T01:05:57.255879,2021-09-15T16:59:50.298585,2021-09-16T16:45:31.655231,2021-09-15T20:29:16.021107,,2021-09-13T23:05:45.276049,2021-09-14T18:50:33.006756,,,2021-09-13T16:34:23.199127,,2021-09-03T18:57:41.331240
2021-09-06T06:17:35.743680,,,,2021-09-30T02:21:03.571655,,2021-09-17T20:11:02.898027,2021-09-19T18:44:01.240866,2021-09-20T22:24:27.499321,,2021-09-14T21:03:57.782966,2021-10-02T01:06:13.321469,2021-09-15T17:11:38.282527,2021-09-16T16:46:50.437864,2021-09-15T19:47:03.086723,,2021-09-13T23:11:33.944338,2021-09-14T18:51:12.675162,,,2021-09-13T17:03:54.142661,,2021-09-03T18:47:28.787963
,,,,2021-09-30T02:01:53.367978,,2021-09-17T20:16:37.645738,2021-09-19T18:54:26.150228,2021-09-20T22:24:32.530477,,2021-09-14T21:07:07.581762,2021-09-14T19:46:02.641637,2021-09-15T17:11:42.111536,2021-09-16T16:17:06.952349,,,2021-09-13T22:43:29.797171,2021-09-14T18:50:11.472707,,,2021-09-13T17:08:12.226749,,2021-09-03T18:54:21.235389
,,,,2021-09-30T02:03:51.836676,,,2021-09-19T18:54:10.728839,2021-09-20T22:33:15.012139,,2021-09-14T21:55:36.897983,2021-09-14T19:46:12.949851,2021-09-15T17:13:23.213368,2021-09-16T16:17:13.900716,,,2021-09-13T22:34:07.849826,2021-09-14T18:50:34.984562,,,2021-09-13T17:04:00.741244,,2021-09-03T18:57:21.836655
,,,,2021-09-30T02:03:51.928740,,,2021-09-19T18:54:18.065129,2021-09-20T22:22:11.061826,,2021-09-14T21:55:46.187519,2021-09-29T01:27:35.058616,2021-09-15T17:27:34.621777,2021-09-16T16:17:24.387808,,,2021-09-13T22:55:18.588658,2021-09-14T18:51:14.106675,,,2021-09-13T17:04:10.315611,,2021-09-03T18:57:26.867164
,,,,2021-09-30T02:13:07.589138,,,2021-09-19T19:14:06.655686,2021-09-20T22:22:16.820124,,2021-09-14T21:55:49.339401,2021-10-02T00:09:42.147569,2021-09-15T17:13:19.445828,2021-09-16T16:17:39.298182,,,2021-09-13T23:03:58.504811,2021-09-14T18:57:05.755144,,,2021-09-13T17:02:55.754170,,2021-09-03T18:57:29.259117
,,,,2021-09-30T01:27:44.937283,,,2021-09-19T19:19:21.731302,2021-09-20T22:22:34.379884,,2021-09-14T21:34:05.763596,2021-09-14T19:46:09.082376,2021-09-15T17:13:29.115020,2021-09-16T16:17:55.004071,,,2021-09-13T23:34:00.836950,2021-09-14T18:57:57.231176,,,,,2021-09-03T18:57:31.715949
,,,,2021-09-30T02:05:57.335370,,,2021-09-19T19:22:37.706359,2021-09-20T22:41:40.966862,,,2021-09-14T20:13:23.635415,,2021-09-16T16:23:00.165111,,,2021-09-13T23:37:20.908254,,,,,,2021-09-03T18:57:45.898939
,,,,2021-09-30T01:27:46.863624,,,2021-09-19T19:22:40.285958,2021-09-20T22:38:21.185450,,,2021-09-29T01:25:20.767966,,2021-09-16T16:23:10.157821,,,2021-09-13T22:40:00.546640,,,,,,2021-09-03T18:59:31.596899
,,,,2021-09-30T01:59:24.719632,,,2021-09-19T19:30:40.355283,2021-09-20T22:48:34.065688,,,2021-09-29T01:26:22.300381,,2021-09-16T16:23:13.233112,,,2021-09-13T23:03:40.280074,,,,,,2021-09-03T18:59:51.524384
,,,,2021-09-30T02:01:06.388492,,,2021-09-19T19:12:01.145443,2021-09-20T22:48:43.133679,,,2021-09-29T01:27:32.437242,,2021-09-16T16:23:16.421116,,,2021-09-13T23:34:06.383771,,,,,,2021-09-03T18:59:56.670009
,,,,2021-09-30T02:01:11.321706,,,2021-09-19T19:12:13.116410,2021-09-20T22:41:10.959415,,,2021-09-29T01:28:21.683735,,2021-09-16T16:23:31.774378,,,2021-09-13T22:45:00.304869,,,,,,2021-09-03T19:32:55.217212
,,,,2021-09-30T02:01:19.474944,,,2021-09-19T19:30:11.405704,2021-09-20T22:48:36.348464,,,2021-10-01T20:50:28.970409,,2021-09-16T16:25:41.240783,,,2021-09-13T23:03:24.376778,,,,,,2021-09-03T19:33:16.359999
,,,,2021-09-30T02:01:23.153135,,,,2021-09-20T22:46:00.905331,,,2021-10-02T00:09:40.211909,,2021-09-16T16:26:00.263938,,,2021-09-13T23:05:05.540294,,,,,,2021-09-03T19:33:18.618475
,,,,2021-09-30T02:13:03.048632,,,,,,,2021-09-14T19:46:16.879690,,2021-09-16T16:52:27.148895,,,2021-09-13T23:34:10.581779,,,,,,2021-09-03T19:33:18.918422
,,,,2021-09-30T01:27:52.671436,,,,,,,2021-09-14T20:05:01.022591,,2021-09-16T16:25:54.794918,,,2021-09-13T23:06:04.564341,,,,,,
,,,,2021-09-30T01:29:25.305002,,,,,,,2021-09-14T20:08:25.906651,,2021-09-16T16:26:25.177063,,,2021-09-13T22:45:59.199630,,,,,,
,,,,2021-09-30T01:33:23.865764,,,,,,,2021-09-14T20:13:16.560842,,2021-09-16T16:32:14.286952,,,2021-09-13T22:52:41.430722,,,,,,
,,,,2021-09-30T01:33:38.407472,,,,,,,2021-09-14T20:13:12.168428,,2021-09-16T16:33:11.489721,,,2021-09-13T23:06:07.178539,,,,,,
,,,,2021-09-30T01:38:02.729723,,,,,,,,,2021-09-16T16:33:14.553247,,,2021-09-13T22:48:28.074161,,,,,,
,,,,2021-09-30T01:38:24.028018,,,,,,,,,2021-09-16T16:34:13.943556,,,2021-09-13T23:02:25.088989,,,,,,
,,,,2021-09-30T02:13:09.265848,,,,,,,,,2021-09-16T16:35:33.974434,,,2021-09-13T22:54:22.016125,,,,,,
,,,,,,,,,,,,,2021-09-16T16:39:15.711442,,,,,,,,,
,,,,,,,,,,,,,2021-09-16T16:52:16.235514,,,,,,,,,
